languageKey;productKey;name;description;language
Englisch123;AA1;;10 MP Camera with Zoom;EN
Englisch123;AA2;;100% Colombian;EN
Englisch123;AA3;;2% Milk 1 Gallon;EN
Englisch123;AA4;;Alfredo ;EN
Englisch123;AA5;;Alfredo Gluten Free;EN
Englisch123;AA6;;Alfredo GMO Free, Organic;EN
Englisch123;AA7;;Alfredo Vegetarian;EN
Englisch123;AA8;;Apple 160GB iPod classic  Silver (New);EN
Englisch123;AA9;;Apple 160GB iPod classic  White (New);EN
Englisch123;AA10;;Apple Juice, 250ml;EN
Englisch123;AA11;;Aveno CLEAR COMPLEXION CLEANSING BAR;EN
Englisch123;AA12;;Aveno PROTECT UNBLOCK LOTION SPF 15 BODY;EN
Englisch123;AA13;;Bagged Lettuce;EN
Englisch123;AA14;;Base Cabinet with shelf/drawer/door;EN
Englisch123;AA15;;Base Cabinet with wire Basket/draw/door;EN
Englisch123;AA16;;Baskin_Robbins ;EN
Englisch123;AA17;;BBQ Flavored Corn Chips;EN
Englisch123;AA18;;Becks 18 pk;EN
Englisch123;AA19;;Beef Broth;EN
Englisch123;AA20;;Beef Broth French Onion Style;EN
Englisch123;AA21;;Beer 12 pk;EN
Englisch123;AA22;;BIGELOW CONSTANT COMMENT TEA BAGS;EN
Englisch123;AA23;;BLACK TEA - SWEETENED;EN
Englisch123;AA24;;Blossom Earring;EN
Englisch123;AA25;;Blossom Necklace;EN
Englisch123;AA26;;BOOTS NO. 7 LINE & DEFINE LIP PENCIL - C;EN
Englisch123;AA27;;BOOTS NO. 7 LINE & DEFINE LIP PENCIL - N;EN
Englisch123;AA28;;Boys Jeans, 28;EN
Englisch123;AA29;;Boys Shirt, RED;EN
Englisch123;AA30;;Brunswick Floor lamp handmade shade;EN
Englisch123;AA31;;Brunswick Floor lamp with dimmer;EN
Englisch123;AA32;;Café Vanilla Latte;EN
Englisch123;AA33;;Capri Turtleneck Black Size 30;EN
Englisch123;AA34;;Capri Turtleneck Black Size 31;EN
Englisch123;AA35;;Capri Turtleneck Black Size 32;EN
Englisch123;AA36;;Capri Turtleneck Black Size 34;EN
Englisch123;AA37;;Capri Turtleneck Black Size 36;EN
Englisch123;AA38;;Capri Turtleneck Blue Size 30;EN
Englisch123;AA39;;Capri Turtleneck Blue Size 31;EN
Englisch123;AA40;;Capri Turtleneck Blue Size 32;EN
Englisch123;AA41;;Capri Turtleneck Blue Size 34;EN
Englisch123;AA42;;Capri Turtleneck Blue Size 36;EN
Englisch123;AA43;;Capri Turtleneck Green Size 30;EN
Englisch123;AA44;;Capri Turtleneck Green Size 31;EN
Englisch123;AA45;;Capri Turtleneck Green Size 32;EN
Englisch123;AA46;;Capri Turtleneck Green Size 34;EN
Englisch123;AA47;;Capri Turtleneck Green Size 36;EN
Englisch123;AA48;;Capri Turtleneck Navy Size 30;EN
Englisch123;AA49;;Capri Turtleneck Navy Size 31;EN
Englisch123;AA50;;Capri Turtleneck Navy Size 32;EN
Englisch123;AA51;;Capri Turtleneck Navy Size 34;EN
Englisch123;AA52;;Capri Turtleneck Navy Size 36;EN
Englisch123;AA53;;Capri Turtleneck White Size 30;EN
Englisch123;AA54;;Capri Turtleneck White Size 31;EN
Englisch123;AA55;;Capri Turtleneck White Size 32;EN
Englisch123;AA56;;Capri Turtleneck White Size 34;EN
Englisch123;AA57;;Capri Turtleneck White Size 36;EN
Englisch123;AA58;;Caribbean Lounger;EN
Englisch123;AA59;;Chantini Earring;EN
Englisch123;AA60;;Chantini Necklace;EN
Englisch123;AA61;;Cherry Tomato Organic;EN
Englisch123;AA62;;Cherry Tomato;EN
Englisch123;AA63;;Cherry Yogurt 250g;EN
Englisch123;AA64;;Chili Cheese Flavored Corn Chips;EN
Englisch123;AA65;;Chili Cheese Flavored Corn Chips;EN
Englisch123;AA66;;Chocolate Flakes 20 oz;EN
Englisch123;AA67;;Classic Chair;EN
Englisch123;AA68;;Classic Library Couch;EN
Englisch123;AA69;;Clean & Soft, Glycerin Bar Soap;EN
Englisch123;AA70;;Clearasol - CREAM MAXIMUM STRENGTH;EN
Englisch123;AA71;;Coca Cola 2liter;EN
Englisch123;AA72;;"Conference table 96""W x 30""H x 2";EN
Englisch123;AA73;;Corn Flakes 20 oz;EN
Englisch123;AA74;;Crackers;EN
Englisch123;AA75;;CROCKER FRT B-T-F MINI FEET BOOMBERRY;EN
Englisch123;AA76;;CROCKER FRUIT RL UPS BLASTIN BERRY;EN
Englisch123;AA77;;Crunchy Oat Flakes 12oz;EN
Englisch123;AA78;;Cucumber;EN
Englisch123;AA79;;Cucumber Organic;EN
Englisch123;AA80;;Cuddle Soft: Tropical Breeze Ultra;EN
Englisch123;AA81;;Cut Green Beans;EN
Englisch123;AA82;;DAISY FAT FREE SOUR CREAM;EN
Englisch123;AA83;;Darby Bracelet;EN
Englisch123;AA84;;DASANI PURIFIED WATER;EN
Englisch123;AA85;;DEL MONTE LITE APPLE EXTRA LIGHT SYRUP;EN
Englisch123;AA86;;Diet Coca Cola 2liter;EN
Englisch123;AA87;;Document Frame;EN
Englisch123;AA88;;Dry Roasted Peanuts 24oz;EN
Englisch123;AA89;;"DVD Camcorder with 2.7"" LCD Monitor";EN
Englisch123;AA90;;EGG WHITE 60GR 12PC;EN
Englisch123;AA91;;EGG WHITE 65GR 12PC;EN
Englisch123;AA92;;ELECTRO 3I STEP-THRU BIKE - BLACK;EN
Englisch123;AA93;;ELECTRO 3I STEP-THRU BIKE - HOT PINK;EN
Englisch123;AA94;;ELITED CHOCOLATE WAFERS;EN
Englisch123;AA95;;English Cucumber;EN
Englisch123;AA96;;English Cucumber Organic;EN
Englisch123;AA97;;Exhilarations Blue Iris  50 Loads;EN
Englisch123;AA98;;Fire Roasted Tomato;EN
Englisch123;AA99;;Fire Roasted Tomato Gluten Free;EN
Englisch123;AA100;;Fire Roasted Tomato GMO Free Organic;EN
Englisch123;AA101;;Fire Roasted Tomato Vegetarian;EN
Englisch123;AA102;;Four-Post Drafting Table Base metal;EN
Englisch123;AA103;;Fresh French Bread Wheat;EN
Englisch123;AA104;;Fresh French Bread.;EN
Englisch123;AA105;;Frosted Flakes 20 oz;EN
Englisch123;AA106;;Frozen Garlic Bread;EN
Englisch123;AA107;;Frozen Garlic Bread Wheat;EN
Englisch123;AA108;;Garlic Bread;EN
Englisch123;AA109;;Garlic Bread Wheat;EN
Englisch123;AA110;;Garmin - nvi 285W GPS;EN
Englisch123;AA111;;Garmin - nvi 765T GPS;EN
Englisch123;AA112;;GIANTI TCR ADVANCED - BLACK;EN
Englisch123;AA113;;Girls Blouse White;EN
Englisch123;AA114;;Girls Jeans 28;EN
Englisch123;AA115;;Golden Corn Flakes 20oz;EN
Englisch123;AA116;;GOLDEN STAR MAIFUN CHOW MEIN NOODLES;EN
Englisch123;AA117;;Goody Hair Barrettes;EN
Englisch123;AA118;;Grape Tomato;EN
Englisch123;AA119;;Grape Tomato Organic;EN
Englisch123;AA120;;Grated Parmesan;EN
Englisch123;AA121;;Ground Beef;EN
Englisch123;AA122;;Ground Turkey;EN
Englisch123;AA123;;Ground Turkey Italian Seasoned;EN
Englisch123;AA124;;Handbag;EN
Englisch123;AA125;;Handbag w. zipper;EN
Englisch123;AA126;;Hanycam Digital with 80 GB HDD 2.7;EN
Englisch123;AA127;;Hassia belt;EN
Englisch123;AA128;;High-Back Executive Chair Navy Blue;EN
Englisch123;AA129;;Honey Crunch Corn Flakes 20 oz;EN
Englisch123;AA130;;HORIZONTE LOW FAT SOUR CREAM;EN
Englisch123;AA131;;JIANTE TCR ADVANCED - BLACK;EN
Englisch123;AA132;;Juneau Bracelet;EN
Englisch123;AA133;;Kellogg's Chocolate Flakes 20 oz;EN
Englisch123;AA134;;Kitanay Belt;EN
Englisch123;AA135;;KONA HULA HARD-TAIL 29ER - WHITE;EN
Englisch123;AA136;;Kraft Easy Mac Snack Pack Original;EN
Englisch123;AA137;;Kraft Shredded Parmesan;EN
Englisch123;AA138;;Leaf Lettuce;EN
Englisch123;AA139;;Lemon PEPSI Cola 2liter;EN
Englisch123;AA140;;Lettuce Organic;EN
Englisch123;AA141;;liguang D90 12.3 Megapix Digit SLR Camera;EN
Englisch123;AA142;;"LOGO - 32"" FLAT-PANEL HDTV";EN
Englisch123;AA143;;"LOGO - 37"" FLAT-PANEL HDTV";EN
Englisch123;AA144;;LUCRENO NATURAL COLBY CHEESE;EN
Englisch123;AA145;;Men's Boat shoes;EN
Englisch123;AA146;;Men's Boat shoes Blue 10;EN
Englisch123;AA147;;Men's Boat shoes Blue 10;EN
Englisch123;AA148;;Men's Boat shoes Blue 10;EN
Englisch123;AA149;;Men's Boat shoes Blue 11;EN
Englisch123;AA150;;Men's Boat shoes Blue 11;EN
Englisch123;AA151;;Men's Boat shoes Blue 12;EN
Englisch123;AA152;;Men's Boat shoes Blue 7;EN
Englisch123;AA153;;Men's Boat shoes Blue 8;EN
Englisch123;AA154;;Men's Boat shoes Blue 8;EN
Englisch123;AA155;;Men's Boat shoes Blue 9;EN
Englisch123;AA156;;Men's Boat shoes Tan 10;EN
Englisch123;AA157;;Men's Boat shoes Tan 10;EN
Englisch123;AA158;;Men's Boat shoes Tan 10;EN
Englisch123;AA159;;Men's Boat shoes Tan 11;EN
Englisch123;AA160;;Men's Boat shoes Tan 12;EN
Englisch123;AA161;;Men's Boat shoes Tan 7;EN
Englisch123;AA162;;Men's Boat shoes Tan 8;EN
Englisch123;AA163;;Men's Boat shoes Tan 9;EN
Englisch123;AA164;;Mens House Mark Tshirts Black Medium;EN
Englisch123;AA165;;Mens House Mark Tshirts Black Small;EN
Englisch123;AA166;;Mens House Mark Tshirts Red Large;EN
Englisch123;AA167;;Mens House Mark Tshirts Red Medium;EN
Englisch123;AA168;;Mens House Mark Tshirts Red Small;EN
Englisch123;AA169;;Mens Jeans -Stone wash Blue 30;EN
Englisch123;AA170;;Mens Jeans -Stone wash Blue 32;EN
Englisch123;AA171;;Mens Jeans -Stone wash Blue 34;EN
Englisch123;AA172;;Mens Jeans -Stone wash Blue 36;EN
Englisch123;AA173;;Mens Jeans -Stone wash Blue 38;EN
Englisch123;AA174;;Mens Jeans -Stone wash Dark Blue 30;EN
Englisch123;AA175;;Mens Jeans -Stone wash Dark Blue 32;EN
Englisch123;AA176;;Mens Jeans -Stone wash Dark Blue 34;EN
Englisch123;AA177;;Mens Jeans -Stone wash Dark Blue 36;EN
Englisch123;AA178;;Men's Scoop Neck T-Shirt White Large;EN
Englisch123;AA179;;Men's Scoop Neck T-Shirt White Medium;EN
Englisch123;AA180;;Men's Scoop Neck T-Shirt Yellow  Small;EN
Englisch123;AA181;;Men's Scoop Neck T-, Yellow, Extra Large;EN
Englisch123;AA182;;Men's Scoop Neck T-Shirt, White, Small;EN
Englisch123;AA183;;Men's Scoop Neck T-Shirt, Yellow, Medium;EN
Englisch123;AA184;;Men's Scoop Neck T-Shirt, Yellow, Small;EN
Englisch123;AA185;;Men's Scoop Neck T-Shirt Yellow Large;EN
Englisch123;AA186;;Mens Stinson Belt Blue Extra Large;EN
Englisch123;AA187;;Mens Stinson Belt Blue Large;EN
Englisch123;AA188;;Mens Stinson Belt Blue Small;EN
Englisch123;AA189;;Mens Stinson Belt Red Extra Large;EN
Englisch123;AA190;;Mens Stinson Belt Red Large;EN
Englisch123;AA191;;Mens Stinson Belt Red Small;EN
Englisch123;AA192;;Men's V-Neck T-Shirt Black  XXL;EN
Englisch123;AA193;;Men's V-Neck T-Shirt Black Medium;EN
Englisch123;AA194;;Men's V-Neck T-Shirt Black Small;EN
Englisch123;AA195;;Men's V-Neck T-Shirt Blue Extra Large;EN
Englisch123;AA196;;Men's V-Neck T-Shirt Black Extra Large;EN
Englisch123;AA197;;Men's V-Neck T-Shirt Blue Large;EN
Englisch123;AA198;;Men's V-Neck T-Shirt Blue Large;EN
Englisch123;AA199;;Men's V-Neck T-Shirt Blue Medium;EN
Englisch123;AA200;;Men's V-Neck T-Shirt Blue Small;EN
Englisch123;AA201;;Men's V-Neck T-Shirt Blue XXL;EN
Englisch123;AA202;;Men's V-Neck T-Shirt Red Extra Large;EN
Englisch123;AA203;;Men's V-Neck T-Shirt Red Large;EN
Englisch123;AA204;;Men's V-Neck T-Shirt Red Medium;EN
Englisch123;AA205;;Men's V-Neck T-Shirt Red Small;EN
Englisch123;AA206;;Men's V-Neck T-Shirt Red XXL;EN
Englisch123;AA207;;Microfiber Cool Cami Black  Size 29;EN
Englisch123;AA208;;Microfiber Cool Cami Black Size 30;EN
Englisch123;AA209;;Microfiber Cool Cami Black Size 31;EN
Englisch123;AA210;;Microfiber Cool Cami Black Size 32;EN
Englisch123;AA211;;Microfiber Cool Cami Black Size 34;EN
Englisch123;AA212;;Microfiber Cool Cami Green Size 29;EN
Englisch123;AA213;;Microfiber Cool Cami Green Size 30;EN
Englisch123;AA214;;Microfiber Cool Cami Green Size 31;EN
Englisch123;AA215;;Microfiber Cool Cami Green Size 32;EN
Englisch123;AA216;;Microfiber Cool Cami Green Size 34;EN
Englisch123;AA217;;Microfiber Cool Cami Orange Size 29;EN
Englisch123;AA218;;Microfiber Cool Cami Orange Size 30;EN
Englisch123;AA219;;Microfiber Cool Cami Orange Size 31;EN
Englisch123;AA220;;Microfiber Cool Cami Orange Size 32;EN
Englisch123;AA221;;Microfiber Cool Cami Orange Size 34;EN
Englisch123;AA222;;Microfiber Cool Cami Red Size 29;EN
Englisch123;AA223;;Microfiber Cool Cami Red Size 30;EN
Englisch123;AA224;;Microfiber Cool Cami Red Size 31;EN
Englisch123;AA225;;Microfiber Cool Cami Red Size 32;EN
Englisch123;AA226;;Microfiber Cool Cami Red Size 34;EN
Englisch123;AA227;;Microfiber Cool Cami White Size 29;EN
Englisch123;AA228;;Microfiber Cool Cami White Size 30;EN
Englisch123;AA229;;Microfiber Cool Cami White Size 31;EN
Englisch123;AA230;;Microfiber Cool Cami White Size 32;EN
Englisch123;AA231;;Microfiber Cool Cami White Size 34;EN
Englisch123;AA232;;Mint Patties;EN
Englisch123;AA233;;MOUNTAIN HEAVY JACKET - B;EN
Englisch123;AA234;;MOUNTAIN HEAVY JACKET - BLK;EN
Englisch123;AA235;;MOUNTAIN HEAVY JACKET - N;EN
Englisch123;AA236;;MOUNTAIN HEAVY JACKET - NAVY;EN
Englisch123;AA237;;MOUNTAIN HEAVY JACKET - R;EN
Englisch123;AA238;;MOUNTAIN HEAVY JACKET - RED;EN
Englisch123;AA239;;MOUNTAIN HEAVY JACKET - YELLOW;EN
Englisch123;AA240;;MOUNTAIN LIGHT JACKET - BLK;EN
Englisch123;AA241;;MOUNTAIN LIGHT JACKET - BROWN;EN
Englisch123;AA242;;MOUNTAIN LIGHT JACKET - NAVY;EN
Englisch123;AA243;;MOUNTAIN LIGHT JACKET - RED;EN
Englisch123;AA244;;MOUNTAIN LIGHT JACKET - YELLOW;EN
Englisch123;AA245;;NABISCO CHIPS AHOY CHUNKY CKIES;EN
Englisch123;AA246;;Nikon D90 12.3 Megapix Digit SLR Camera;EN
Englisch123;AA247;;Nokia - N82 Mobile Phone  - Black;EN
Englisch123;AA248;;Nokia - N95 Mobile Phone  - Black;EN
Englisch123;AA249;;Notebook (DE);EN
Englisch123;AA250;;Notebook (EN);EN
Englisch123;AA251;;Office  Deluxe Mid Back Managers Chair;EN
Englisch123;AA252;;Orange Juice 180ml;EN
Englisch123;AA253;;Oregano Leaves;EN
Englisch123;AA254;;ORGANICS ORGANIC WHITE CHEDDAR POPCORN;EN
Englisch123;AA255;;PAM MEAT LITE LUNCHEON SINGLES;EN
Englisch123;AA256;;"PANASONIC - 30"" FLAT-PANEL PLASMA HD";EN
Englisch123;AA257;;"PANASONIC - 32"" FLAT-PANEL PLASMA HD";EN
Englisch123;AA258;;"PANASONIC - 37"" FLAT-PANEL PLASMA HD";EN
Englisch123;AA259;;Penne;EN
Englisch123;AA260;;Penne - Gluten Free;EN
Englisch123;AA261;;Penne - GMO Free Organic;EN
Englisch123;AA262;;Penne - Wheat;EN
Englisch123;AA263;;PEPSI Cola 2 liter;EN
Englisch123;AA264;;PEPSI Diet Cola 2liter;EN
Englisch123;AA265;;PH 5 BODY MILK 250ML;EN
Englisch123;AA266;;"PHILIPS - 30"" FLAT-PANEL PLASMA HDTV";EN
Englisch123;AA267;;"PHILIPS - 32"" FLAT-PANEL PLASMA HDTV";EN
Englisch123;AA268;;"PHILIPS - 37"" FLAT-PANEL PLASMA HDTV";EN
Englisch123;AA269;;Platinum Charm  Vintage Bleach Size 28;EN
Englisch123;AA270;;Platinum Charm  Vintage Bleach Size 29;EN
Englisch123;AA271;;Platinum Charm  Vintage Bleach Size 30;EN
Englisch123;AA272;;Platinum Charm  Vintage Bleach Size 31;EN
Englisch123;AA273;;Platinum Charm  Vintage Bleach Size 32;EN
Englisch123;AA274;;Platinum Charm Or  Antique Wash Size 28;EN
Englisch123;AA275;;Platinum Charm Or  Antique Wash Size 29;EN
Englisch123;AA276;;Platinum Charm Or  Antique Wash Size 30;EN
Englisch123;AA277;;Platinum Charm Or  Antique Wash Size 31;EN
Englisch123;AA278;;Platinum Charm Or  Antique Wash Size 32;EN
Englisch123;AA279;;Platinum Charm Orig Dark Denim  Size 28;EN
Englisch123;AA280;;Platinum Charm Orig Dark Denim Size 29;EN
Englisch123;AA281;;Platinum Charm Orig Dark Denim Size 30;EN
Englisch123;AA282;;Platinum Charm Orig Dark Denim Size 31;EN
Englisch123;AA283;;Platinum Charm Orig Dark Denim Size 32;EN
Englisch123;AA284;;Platinum Charm Original  White Size 28;EN
Englisch123;AA285;;Platinum Charm Original  White Size 29;EN
Englisch123;AA286;;Platinum Charm Original  White Size 30;EN
Englisch123;AA287;;Platinum Charm Original  White Size 31;EN
Englisch123;AA288;;Platinum Charm Original  White Size 32;EN
Englisch123;AA289;;Platinum Charm Original F  Blue Size 28;EN
Englisch123;AA290;;Platinum Charm Original F  Blue Size 29;EN
Englisch123;AA291;;Platinum Charm Original F  Blue Size 30;EN
Englisch123;AA292;;Platinum Charm Original F  Blue Size 28;EN
Englisch123;AA293;;Platinum Charm Original F  Blue Size 29;EN
Englisch123;AA294;;Platinum Charm Original F  Blue Size 30;EN
Englisch123;AA295;;Platinum Charm Original F  Blue Size 31;EN
Englisch123;AA296;;Platinum Charm Original F  Blue Size 32;EN
Englisch123;AA297;;Pressed Powder - Medium;EN
Englisch123;AA298;;PRIVATE LABEL CLASSIC PIZZA 1KG;EN
Englisch123;AA299;;PRIVATE LABEL CLASSIC PIZZA 725G;EN
Englisch123;AA300;;Private Label Grated Parmesan;EN
Englisch123;AA301;;Private Label Shredded Parmesan;EN
Englisch123;AA302;;RED MINI RUBBER BOAT;EN
Englisch123;AA303;;Red Onion;EN
Englisch123;AA304;;Roma Tomato;EN
Englisch123;AA305;;Roma Tomato Organic;EN
Englisch123;AA306;;Rose Gold-Tone Watch;EN
Englisch123;AA307;;"sanxin 50"" Class 1080p HDTV";EN
Englisch123;AA308;;"sanxin 65"" Class 1080p HDTV";EN
Englisch123;AA309;;Scarf Black;EN
Englisch123;AA310;;Scarf Blue;EN
Englisch123;AA311;;Scarf Red;EN
Englisch123;AA312;;Scarf White;EN
Englisch123;AA313;;Scarf Yellow;EN
Englisch123;AA314;;SECRET HMSTYL POP MCRWAV POPCORN SNK BGS;EN
Englisch123;AA315;;ShortSleeve T-Shirt, roundneck, black,38;EN
Englisch123;AA316;;ShortSleeve T-Shirt, roundneck, black,40;EN
Englisch123;AA317;;ShortSleeve T-Shirt, V-neck, black, 40;EN
Englisch123;AA318;;ShortSleeve T-Shirt, V-neck, black, 42;EN
Englisch123;AA319;;ShortSleeve T-Shirt, V-neck, black, 44;EN
Englisch123;AA320;;Signature Cardigan, Black, Extra Large;EN
Englisch123;AA321;;Signature Cardigan, Black, Extra Small;EN
Englisch123;AA322;;Signature Cardigan, Black, Large;EN
Englisch123;AA323;;Signature Cardigan, Black, Medium;EN
Englisch123;AA324;;Signature Cardigan, Black, Small;EN
Englisch123;AA325;;Signature Cardigan, Green, Extra Large;EN
Englisch123;AA326;;Signature Cardigan, Green, Extra Small;EN
Englisch123;AA327;;Signature Cardigan, Green, Large;EN
Englisch123;AA328;;Signature Cardigan, Green, Medium;EN
Englisch123;AA329;;Signature Cardigan, Green, Small;EN
Englisch123;AA330;;Signature Cardigan, Navy, Extra Small;EN
Englisch123;AA331;;Signature Cardigan, Navy, Extra Large;EN
Englisch123;AA332;;Signature Cardigan Navy Extra Small;EN
Englisch123;AA333;;Signature Cardigan, Navy, Large;EN
Englisch123;AA334;;Signature Cardigan, Navy, Medium;EN
Englisch123;AA335;;Signature Cardigan, Red, Extra Large;EN
Englisch123;AA336;;Signature Cardigan, Red, Extra Small;EN
Englisch123;AA337;;Signature Cardigan, Red, Large;EN
Englisch123;AA338;;Signature Cardigan, Red, Medium;EN
Englisch123;AA339;;Signature Cardigan, Red, Small;EN
Englisch123;AA340;;Signature Cardigan, White, Extra Large;EN
Englisch123;AA341;;Signature Cardigan, White, Extra Small;EN
Englisch123;AA342;;Signature Cardigan, White, Large;EN
Englisch123;AA343;;Signature Cardigan, White, Medium;EN
Englisch123;AA344;;Signature Cardigan, White, Small;EN
Englisch123;AA345;;Silicone Gold-Tone Smart Watch;EN
Englisch123;AA346;;Skim Milk 1Gallon;EN
Englisch123;AA347;;"Songxia - 30"" FLAT-PANEL PLASMA HD";EN
Englisch123;AA348;;"Songxia - 32"" FLAT-PANEL PLASMA HD";EN
Englisch123;AA349;;"Songxia - 37"" FLAT-PANEL PLASMA HD";EN
Englisch123;AA350;;Suoni - PlayStation 3 (120GB);EN
Englisch123;AA351;;Suoni - PlayStation 3 (250GB);EN
Englisch123;AA352;;Sour Dough Bread;EN
Englisch123;AA353;;Soy -Flax Clusters, 12oz;EN
Englisch123;AA354;;Spaghetti ;EN
Englisch123;AA355;;Spaghetti - Gluten Free;EN
Englisch123;AA356;;Spaghetti - GMO Free, Organic;EN
Englisch123;AA357;;Spaghetti - Wheat;EN
Englisch123;AA358;;Sportscap black without logo;EN
Englisch123;AA359;;Suave Conditioner BioBasics Conditioner;EN
Englisch123;AA360;;Suave Shampoo Suave for Men;EN
Englisch123;AA361;;Sunglasses (unisex);EN
Englisch123;AA362;;Sunglasses model 01;EN
Englisch123;AA363;;Sweet Onion;EN
Englisch123;AA364;;Teak Chair;EN
Englisch123;AA365;;Thyme Leaves;EN
Englisch123;AA366;;Tiffany's baby powder;EN
Englisch123;AA367;;Tofu ;EN
Englisch123;AA368;;Tomato Basil;EN
Englisch123;AA369;;Tomato Basil Gluten Free;EN
Englisch123;AA370;;Tomato Basil GMO Free, Organic;EN
Englisch123;AA371;;Tomato Basil Vegetarian;EN
Englisch123;AA372;;Tuexedo Vase;EN
Englisch123;AA373;;Vanilla Coca Cola 2liter;EN
Englisch123;AA374;;Vislee Necklace;EN
Englisch123;AA375;;Washing Machines;EN
Englisch123;AA376;;Water 24 ct;EN
Englisch123;AA377;;WATER BLASTER;EN
Englisch123;AA378;;White Onion;EN
Englisch123;AA379;;Whole Wheat Artisan Bread;EN
Englisch123;AA380;;Women Sandals, White, 10;EN
Englisch123;AA381;;Women's Boat Neck Bl, Black, Extra Large;EN
Englisch123;AA382;;Women's Boat Neck Bl, White, Extra Large;EN
Englisch123;AA383;;Women's Boat Neck Blo, Blue, Extra Large;EN
Englisch123;AA384;;Women's Boat Neck Blou, Red, Extra Large;EN
Englisch123;AA385;;Women's Boat Neck Blouse, Black, Large;EN
Englisch123;AA386;;Women's Boat Neck Blouse, Black, Medium;EN
Englisch123;AA387;;Women's Boat Neck Blouse, Blue, Large;EN
Englisch123;AA388;;Women's Boat Neck Blouse, Blue, Medium;EN
Englisch123;AA389;;Women's Boat Neck Blouse Blue Medium;EN
Englisch123;AA390;;Women's Boat Neck Blouse, Black, Small;EN
Englisch123;AA391;;Women's Boat Neck Blouse, Blue, Small;EN
Englisch123;AA392;;Women's Boat Neck Blouse, Red, Large;EN
Englisch123;AA393;;Women's Boat Neck Blouse, Red, Medium;EN
Englisch123;AA394;;Women's Boat Neck Blouse, Red, Small;EN
Englisch123;AA395;;Women's Boat Neck Blouse, White, Large;EN
Englisch123;AA396;;Women's Boat Neck Blouse, White, Medium;EN
Englisch123;AA397;;Women's Boat Neck Blouse, White, Small;EN
Englisch123;AA398;;Women's Sandals, Blue, 5;EN
Englisch123;AA399;;Women's Sandals, Blue, 6;EN
Englisch123;AA400;;Women's Sandals Blue 6;EN
Englisch123;AA401;;Women's Sandals, Blue, 7;EN
Englisch123;AA402;;Women's Sandals Blue 8;EN
Englisch123;AA403;;Women's Sandals, Blue, 8;EN
Englisch123;AA404;;Women's Sandals, Blue, 9;EN
Englisch123;AA405;;Women's Sandals, Blue, 10;EN
Englisch123;AA406;;Women's Sandals, White, 5;EN
Englisch123;AA407;;Women's Sandals, White, 6;EN
Englisch123;AA408;;Women's Sandals White 6;EN
Englisch123;AA409;;Women's Sandals White 6;EN
Englisch123;AA410;;Women's Sandals, White, 7;EN
Englisch123;AA411;;Women's Sandals White 7;EN
Englisch123;AA412;;Women's Sandals White 7;EN
Englisch123;AA413;;Women's Sandals, White, 8;EN
Englisch123;AA414;;Women's Scarf, Red;EN
Englisch123;AA415;;Women's Sandals, White, 9;EN
Englisch123;AA416;;Women's Scarf, Black;EN
Englisch123;AA417;;Women's Scarf, Blue;EN
Englisch123;AA418;;Women's Scarf, White;EN
Englisch123;AA419;;Women's Scarf, Yellow;EN
Englisch123;AA420;;Women's Scoop Neck B, White, Extra Large;EN
Englisch123;AA421;;Women's Scoop Neck Blo, Red, Extra Large;EN
Englisch123;AA422;;Women's Scoop Neck Blous, Yellow, Medium;EN
Englisch123;AA423;;Women's Scoop Neck Blouse, Red, Large;EN
Englisch123;AA424;;Women's Scoop Neck Blouse, Red, Medium;EN
Englisch123;AA425;;Women's Scoop Neck Blouse, Red, Small;EN
Englisch123;AA426;;Women's Scoop Neck Blouse, White, Large;EN
Englisch123;AA427;;Women's Scoop Neck Blouse, White, Medium;EN
Englisch123;AA428;;Women's Scoop Neck, Yellow, Extra Large;EN
Englisch123;AA429;;Women's Scoop Neck Blouse, Yellow, Large;EN
Englisch123;AA430;;Women's Scoop Neck Blouse Yellow Extra Large;EN
Englisch123;AA431;;Women's Scoop Neck Blouse, White, Medium;EN
Englisch123;AA432;;Women's V-Neck Blous, Black, Extra Large;EN
Englisch123;AA433;;Women's V-Neck Blouse, Black, Large;EN
Englisch123;AA434;;Women's V-Neck Blouse, Black, Medium;EN
Englisch123;AA435;;Women's V-Neck Blouse, Black, Small;EN
Englisch123;AA436;;Women's V-Neck Blouse, Blue, Extra Large;EN
Englisch123;AA437;;Women's V-Neck Blouse, Blue, Large;EN
Englisch123;AA438;;Women's V-Neck Blouse, Blue, Medium;EN
Englisch123;AA439;;Women's V-Neck Blouse, Blue, Small;EN
Englisch123;AA440;;Women's V-Neck Blouse, Red, Extra Large;EN
Englisch123;AA441;;Women's V-Neck Blouse, Red, Large;EN
Englisch123;AA442;;Women's V-Neck Blouse, Red, Medium;EN
Englisch123;AA443;;Women's V-Neck Blouse, Red, Small;EN
Englisch123;AA444;;Women's V-Neck Blouse, White, Large;EN
Englisch123;AA445;;Women's V-Neck Blous, White, Extra Large;EN
Englisch123;AA446;;Women's V-Neck Blouse, White, Medium;EN
Englisch123;AA447;;Women's V-Neck Blouse, White, Small;EN
Englisch123;AA448;;Yellow Onion;EN
Englisch123;AA449;;Yoplait Strawberry Yogurt 250g;EN
