"globalTradeItemNumberKey","productKey","gtin","unitOfMeasure","numerator","denominator"
,AA1,,EA,,
,AA2,,EA,,
,AA3,,EA,,
,AA4,,EA,,
,AA5,,EA,,
,AA6,,EA,,
,AA7,,EA,,
,AA8,,EA,,
,AA9,,EA,,
,AA10,,EA,,
,AA11,,EA,,
,AA12,,EA,,
,AA13,,EA,,
,AA14,,EA,,
,AA15,,EA,,
,AA16,,EA,,
,AA17,,EA,,
,AA18,,EA,,
,AA19,,EA,,
,AA20,,EA,,
,AA21,,EA,,
,AA22,,EA,,
,AA23,,EA,,
,AA24,,EA,,
,AA25,,EA,,
,AA26,,EA,,
,AA27,,EA,,
,AA28,,EA,,
,AA29,,EA,,
,AA30,,EA,,
,AA31,,EA,,
,AA32,,EA,,
,AA33,,EA,,
,AA34,,EA,,
,AA35,,EA,,
,AA36,,EA,,
,AA37,,EA,,
,AA38,,EA,,
,AA39,,EA,,
,AA40,,EA,,
,AA41,,EA,,
,AA42,,EA,,
,AA43,,EA,,
,AA44,,EA,,
,AA45,,EA,,
,AA46,,EA,,
,AA47,,EA,,
,AA48,,EA,,
,AA49,,EA,,
,AA50,,EA,,
,AA51,,EA,,
,AA52,,EA,,
,AA53,,EA,,
,AA54,,EA,,
,AA55,,EA,,
,AA56,,EA,,
,AA57,,EA,,
,AA58,,EA,,
,AA59,,EA,,
,AA60,,EA,,
,AA61,,EA,,
,AA62,,EA,,
,AA63,,EA,,
,AA64,,EA,,
,AA65,,EA,,
,AA66,,EA,,
,AA67,,EA,,
,AA68,,EA,,
,AA69,,EA,,
,AA70,,EA,,
,AA71,,EA,,
,AA72,,EA,,
,AA73,,EA,,
,AA74,,EA,,
,AA75,,EA,,
,AA76,,EA,,
,AA77,,EA,,
,AA78,,EA,,
,AA79,,EA,,
,AA80,,EA,,
,AA81,,EA,,
,AA82,,EA,,
,AA83,,EA,,
,AA84,,EA,,
,AA85,,EA,,
,AA86,,EA,,
,AA87,,EA,,
,AA88,,EA,,
,AA89,,EA,,
,AA90,,EA,,
,AA91,,EA,,
,AA92,,EA,,
,AA93,,EA,,
,AA94,,EA,,
,AA95,,EA,,
,AA96,,EA,,
,AA97,,EA,,
,AA98,,EA,,
,AA99,,EA,,
,AA100,,EA,,
,AA101,,EA,,
,AA102,,EA,,
,AA103,,EA,,
,AA104,,EA,,
,AA105,,EA,,
,AA106,,EA,,
,AA107,,EA,,
,AA108,,EA,,
,AA109,,EA,,
,AA110,,EA,,
,AA111,,EA,,
,AA113,,EA,,
,AA114,,EA,,
,AA115,,EA,,
,AA116,,EA,,
,AA117,,EA,,
,AA118,,EA,,
,AA119,,EA,,
,AA120,,EA,,
,AA121,,EA,,
,AA122,,EA,,
,AA123,,EA,,
,AA124,,EA,,
,AA125,,EA,,
,AA126,,EA,,
,AA127,,EA,,
,AA128,,EA,,
,AA129,,EA,,
,AA130,,EA,,
,AA131,,EA,,
,AA132,,EA,,
,AA133,,EA,,
,AA134,,EA,,
,AA135,,EA,,
,AA136,,EA,,
,AA137,,EA,,
,AA138,,EA,,
,AA139,,EA,,
,AA140,,EA,,
,AA141,,EA,,
,AA142,,EA,,
,AA143,,EA,,
,AA144,,EA,,
,AA145,,EA,,
,AA146,,EA,,
,AA147,,EA,,
,AA148,,EA,,
,AA149,,EA,,
,AA150,,EA,,
,AA151,,EA,,
,AA152,,EA,,
,AA153,,EA,,
,AA154,,EA,,
,AA155,,EA,,
,AA156,,EA,,
,AA157,,EA,,
,AA158,,EA,,
,AA159,,EA,,
,AA160,,EA,,
,AA161,,EA,,
,AA162,,EA,,
,AA163,,EA,,
,AA164,,EA,,
,AA165,,EA,,
,AA166,,EA,,
,AA167,,EA,,
,AA168,,EA,,
,AA169,,EA,,
,AA170,,EA,,
,AA171,,EA,,
,AA172,,EA,,
,AA173,,EA,,
,AA174,,EA,,
,AA175,,EA,,
,AA176,,EA,,
,AA177,,EA,,
,AA178,,EA,,
,AA179,,EA,,
,AA180,,EA,,
,AA181,,EA,,
,AA182,,EA,,
,AA183,,EA,,
,AA184,,EA,,
,AA185,,EA,,
,AA186,,EA,,
,AA187,,EA,,
,AA188,,EA,,
,AA189,,EA,,
,AA190,,EA,,
,AA191,,EA,,
,AA192,,EA,,
,AA193,,EA,,
,AA194,,EA,,
,AA195,,EA,,
,AA196,,EA,,
,AA197,,EA,,
,AA198,,EA,,
,AA199,,EA,,
,AA200,,EA,,
,AA201,,EA,,
,AA202,,EA,,
,AA203,,EA,,
,AA204,,EA,,
,AA205,,EA,,
,AA206,,EA,,
,AA207,,EA,,
,AA208,,EA,,
,AA209,,EA,,
,AA210,,EA,,
,AA211,,EA,,
,AA212,,EA,,
,AA213,,EA,,
,AA214,,EA,,
,AA215,,EA,,
,AA216,,EA,,
,AA217,,EA,,
,AA218,,EA,,
,AA219,,EA,,
,AA220,,EA,,
,AA221,,EA,,
,AA222,,EA,,
,AA223,,EA,,
,AA224,,EA,,
,AA225,,EA,,
,AA226,,EA,,
,AA227,,EA,,
,AA228,,EA,,
,AA229,,EA,,
,AA230,,EA,,
,AA231,,EA,,
,AA232,,EA,,
,AA233,,EA,,
,AA234,,EA,,
,AA235,,EA,,
,AA236,,EA,,
,AA237,,EA,,
,AA238,,EA,,
,AA239,,EA,,
,AA240,,EA,,
,AA241,,EA,,
,AA242,,EA,,
,AA243,,EA,,
,AA244,,EA,,
,AA245,,EA,,
,AA246,,EA,,
,AA247,,EA,,
,AA248,,EA,,
,AA249,,EA,,
,AA250,,EA,,
,AA251,,EA,,
,AA252,,EA,,
,AA253,,EA,,
,AA254,,EA,,
,AA255,,EA,,
,AA256,,EA,,
,AA257,,EA,,
,AA258,,EA,,
,AA259,,EA,,
,AA260,,EA,,
,AA261,,EA,,
,AA262,,EA,,
,AA263,,EA,,
,AA264,,EA,,
,AA265,,EA,,
,AA266,,EA,,
,AA267,,EA,,
,AA268,,EA,,
,AA269,,EA,,
,AA270,,EA,,
,AA271,,EA,,
,AA272,,EA,,
,AA273,,EA,,
,AA274,,EA,,
,AA275,,EA,,
,AA276,,EA,,
,AA277,,EA,,
,AA278,,EA,,
,AA279,,EA,,
,AA280,,EA,,
,AA281,,EA,,
,AA282,,EA,,
,AA283,,EA,,
,AA284,,EA,,
,AA285,,EA,,
,AA286,,EA,,
,AA287,,EA,,
,AA288,,EA,,
,AA289,,EA,,
,AA290,,EA,,
,AA291,,EA,,
,AA292,,EA,,
,AA293,,EA,,
,AA294,,EA,,
,AA295,,EA,,
,AA296,,EA,,
,AA297,,EA,,
,AA298,,EA,,
,AA299,,EA,,
,AA300,,EA,,
,AA301,,EA,,
,AA302,,EA,,
,AA303,,EA,,
,AA304,,EA,,
,AA305,,EA,,
,AA306,,EA,,
,AA307,,EA,,
,AA308,,EA,,
,AA309,,EA,,
,AA310,,EA,,
,AA311,,EA,,
,AA312,,EA,,
,AA313,,EA,,
,AA314,,EA,,
,AA315,,EA,,
,AA316,,EA,,
,AA317,,EA,,
,AA318,,EA,,
,AA319,,EA,,
,AA320,,EA,,
,AA321,,EA,,
,AA322,,EA,,
,AA323,,EA,,
,AA324,,EA,,
,AA325,,EA,,
,AA326,,EA,,
,AA327,,EA,,
,AA328,,EA,,
,AA329,,EA,,
,AA330,,EA,,
,AA331,,EA,,
,AA332,,EA,,
,AA333,,EA,,
,AA334,,EA,,
,AA335,,EA,,
,AA336,,EA,,
,AA337,,EA,,
,AA338,,EA,,
,AA339,,EA,,
,AA340,,EA,,
,AA341,,EA,,
,AA342,,EA,,
,AA343,,EA,,
,AA344,,EA,,
,AA345,,EA,,
,AA346,,EA,,
,AA347,,EA,,
,AA348,,EA,,
,AA349,,EA,,
,AA350,,EA,,
,AA351,,EA,,
,AA352,,EA,,
,AA353,,EA,,
,AA354,,EA,,
,AA355,,EA,,
,AA356,,EA,,
,AA357,,EA,,
,AA358,,EA,,
,AA359,,EA,,
,AA360,,EA,,
,AA361,,EA,,
,AA362,,EA,,
,AA363,,EA,,
,AA364,,EA,,
,AA365,,EA,,
,AA366,,EA,,
,AA367,,EA,,
,AA368,,EA,,
,AA369,,EA,,
,AA370,,EA,,
,AA371,,EA,,
,AA372,,EA,,
,AA373,,EA,,
,AA374,,EA,,
,AA375,,EA,,
,AA376,,EA,,
,AA377,,EA,,
,AA378,,EA,,
,AA379,,EA,,
,AA380,,EA,,
,AA381,,EA,,
,AA382,,EA,,
,AA383,,EA,,
,AA384,,EA,,
,AA385,,EA,,
,AA386,,EA,,
,AA387,,EA,,
,AA388,,EA,,
,AA389,,EA,,
,AA390,,EA,,
,AA391,,EA,,
,AA392,,EA,,
,AA393,,EA,,
,AA394,,EA,,
,AA395,,EA,,
,AA396,,EA,,
,AA397,,EA,,
,AA398,,EA,,
,AA399,,EA,,
,AA400,,EA,,
,AA401,,EA,,
,AA402,,EA,,
,AA403,,EA,,
,AA404,,EA,,
,AA405,,EA,,
,AA406,,EA,,
,AA407,,EA,,
,AA408,,EA,,
,AA409,,EA,,
,AA410,,EA,,
,AA411,,EA,,
,AA412,,EA,,
,AA413,,EA,,
,AA414,,EA,,
,AA415,,EA,,
,AA416,,EA,,
,AA417,,EA,,
,AA418,,EA,,
,AA419,,EA,,
,AA420,,EA,,
,AA421,,EA,,
,AA422,,EA,,
,AA423,,EA,,
,AA424,,EA,,
,AA425,,EA,,
,AA426,,EA,,
,AA427,,EA,,
,AA428,,EA,,
,AA429,,EA,,
,AA430,,EA,,
,AA431,,EA,,
,AA432,,EA,,
,AA433,,EA,,
,AA434,,EA,,
,AA435,,EA,,
,AA436,,EA,,
,AA437,,EA,,
,AA438,,EA,,
,AA439,,EA,,
,AA440,,EA,,
,AA441,,EA,,
,AA442,,EA,,
,AA443,,EA,,
,AA444,,EA,,
,AA445,,EA,,
,AA446,,EA,,
,AA447,,EA,,
,AA448,,EA,,
,AA449,,EA,,
